size_bits,size_bytes,rsa_median_ms,aes_median_ms
1,1,0.011333264410495758,0.27574971318244934
100,13,3.892499953508377,0.27620885521173477
1000,125,3.85887548327446,2.2423341870307922
1023,128,3.8579171523451805,2.2093327715992928
1101,138,11.581292375922203,2.4693747982382774
10001,1251,77.0853329449892,21.583332680165768
100001,12501,761.1074177548289,224.60174933075905
500001,62501,3921.6592917218804,1144.3597497418523
1000001,125001,7975.718041881919,2257.764375768602
